Senator,State,State Electors,State Female Electors,State Male Electors,Female Share,Male Share,Active Participants,Share of National Participants,Participants as % of State Electors,Average Committed Support,Average Payments,Estimated Annual Funding Flow,Autism,Intellectual Disability,Psychosocial Disability,First Nations,CALD,0-14 Years,15+ Years,Major Cities (MMM1),Inner Regional (MMM2),Outer Regional (MMM3),Medium Rural (MMM4),Small Rural (MMM5),Remote (MMM6),Very Remote (MMM7),Active Providers,Participants Per Provider,State Share of National Providers,Participants,Average Support,Total Annual Committed Supports,1% Funding Reduction,5% Funding Reduction,10% Funding Reduction
Senator the Hon Katherine Gallagher,ACT,324456,166049,157819,0.5117766,0.4864111,12597,0.01626561095788528,3.882498705525557,39225.95,28400.58,494129290.93,5457,1399,1155,690,1171,4831,7766,12581,0,0,0,0,0,0,7146,1.76,0.02205296909621711,12597,39225.95,494129290.93,4941292.9093,24706464.5465,49412929.093
Senator David Pocock,ACT,324456,166049,157819,0.5117766,0.4864111,12597,0.01626561095788528,3.882498705525557,39225.95,28400.58,494129290.93,5457,1399,1155,690,1171,4831,7766,12581,0,0,0,0,0,0,7146,1.76,0.02205296909621711,12597,39225.95,494129290.93,4941292.9093,24706464.5465,49412929.093
Senator the Hon Timothy Ayres,NSW,5767578,2945495,2816584,0.5106988,0.4883478,228184,0.2946377844577355,3.956322740672081,43925.2,33626.48,10023027738.1,96113,30599,19833,22842,24300,96291,131893,159744,7915,30286,13352,16031,672,182,97262,2.35,0.3001561545250865,228184,43925.2,10023027738.1,100230277.381,501151386.905,1002302773.81
Senator Sean Bell,NSW,5767578,2945495,2816584,0.5106988,0.4883478,228184,0.2946377844577355,3.956322740672081,43925.2,33626.48,10023027738.1,96113,30599,19833,22842,24300,96291,131893,159744,7915,30286,13352,16031,672,182,97262,2.35,0.3001561545250865,228184,43925.2,10023027738.1,100230277.381,501151386.905,1002302773.81
Senator Andrew Bragg,NSW,5767578,2945495,2816584,0.5106988,0.4883478,228184,0.2946377844577355,3.956322740672081,43925.2,33626.48,10023027738.1,96113,30599,19833,22842,24300,96291,131893,159744,7915,30286,13352,16031,672,182,97262,2.35,0.3001561545250865,228184,43925.2,10023027738.1,100230277.381,501151386.905,1002302773.81
Senator Ross Cadell,NSW,5767578,2945495,2816584,0.5106988,0.4883478,228184,0.2946377844577355,3.956322740672081,43925.2,33626.48,10023027738.1,96113,30599,19833,22842,24300,96291,131893,159744,7915,30286,13352,16031,672,182,97262,2.35,0.3001561545250865,228184,43925.2,10023027738.1,100230277.381,501151386.905,1002302773.81
Senator Jessica Collins,NSW,5767578,2945495,2816584,0.5106988,0.4883478,228184,0.2946377844577355,3.956322740672081,43925.2,33626.48,10023027738.1,96113,30599,19833,22842,24300,96291,131893,159744,7915,30286,13352,16031,672,182,97262,2.35,0.3001561545250865,228184,43925.2,10023027738.1,100230277.381,501151386.905,1002302773.81
Senator Mehreen Faruqi,NSW,5767578,2945495,2816584,0.5106988,0.4883478,228184,0.2946377844577355,3.956322740672081,43925.2,33626.48,10023027738.1,96113,30599,19833,22842,24300,96291,131893,159744,7915,30286,13352,16031,672,182,97262,2.35,0.3001561545250865,228184,43925.2,10023027738.1,100230277.381,501151386.905,1002302773.81
Senator Maria Kovacic,NSW,5767578,2945495,2816584,0.5106988,0.4883478,228184,0.2946377844577355,3.956322740672081,43925.2,33626.48,10023027738.1,96113,30599,19833,22842,24300,96291,131893,159744,7915,30286,13352,16031,672,182,97262,2.35,0.3001561545250865,228184,43925.2,10023027738.1,100230277.381,501151386.905,1002302773.81
Senator the Hon Jennifer McAllister,NSW,5767578,2945495,2816584,0.5106988,0.4883478,228184,0.2946377844577355,3.956322740672081,43925.2,33626.48,10023027738.1,96113,30599,19833,22842,24300,96291,131893,159744,7915,30286,13352,16031,672,182,97262,2.35,0.3001561545250865,228184,43925.2,10023027738.1,100230277.381,501151386.905,1002302773.81
Senator Deborah O'Neill,NSW,5767578,2945495,2816584,0.5106988,0.4883478,228184,0.2946377844577355,3.956322740672081,43925.2,33626.48,10023027738.1,96113,30599,19833,22842,24300,96291,131893,159744,7915,30286,13352,16031,672,182,97262,2.35,0.3001561545250865,228184,43925.2,10023027738.1,100230277.381,501151386.905,1002302773.81
Senator Devanand Sharma,NSW,5767578,2945495,2816584,0.5106988,0.4883478,228184,0.2946377844577355,3.956322740672081,43925.2,33626.48,10023027738.1,96113,30599,19833,22842,24300,96291,131893,159744,7915,30286,13352,16031,672,182,97262,2.35,0.3001561545250865,228184,43925.2,10023027738.1,100230277.381,501151386.905,1002302773.81
Senator Anthony Sheldon,NSW,5767578,2945495,2816584,0.5106988,0.4883478,228184,0.2946377844577355,3.956322740672081,43925.2,33626.48,10023027738.1,96113,30599,19833,22842,24300,96291,131893,159744,7915,30286,13352,16031,672,182,97262,2.35,0.3001561545250865,228184,43925.2,10023027738.1,100230277.381,501151386.905,1002302773.81
Senator David Shoebridge,NSW,5767578,2945495,2816584,0.5106988,0.4883478,228184,0.2946377844577355,3.956322740672081,43925.2,33626.48,10023027738.1,96113,30599,19833,22842,24300,96291,131893,159744,7915,30286,13352,16031,672,182,97262,2.35,0.3001561545250865,228184,43925.2,10023027738.1,100230277.381,501151386.905,1002302773.81
Senator the Hon Malarndirri McCarthy,NT,156289,77295,78759,0.4945646,0.5039318,6819,0.00880489014224178,4.36307097748402,73298.58,53763.61,499823007.59,2056,1283,651,3694,341,2808,4043,0,3814,0,0,87,1488,1434,3102,2.2,0.009572951320524136,6819,73298.58,499823007.59,4998230.0759,24991150.3795,49982300.759
Senator Jacinta Nampijinpa Price,NT,156289,77295,78759,0.4945646,0.5039318,6819,0.00880489014224178,4.36307097748402,73298.58,53763.61,499823007.59,2056,1283,651,3694,341,2808,4043,0,3814,0,0,87,1488,1434,3102,2.2,0.009572951320524136,6819,73298.58,499823007.59,4998230.0759,24991150.3795,49982300.759
Senator Penny Allman-Payne,QLD,3809410,1948488,1856843,0.5114934,0.4874358,165611,0.2138417159916122,4.347418629131545,44332.93,32265.42,7342020847,74197,18859,12723,18609,8468,69749,95862,102812,36583,6049,6174,11069,1549,1373,84569,1.96,0.2609848227677001,165611,44332.93,7342020847,73420208.47,367101042.35,734202084.7
Senator the Hon Matthew Canavan,QLD,3809410,1948488,1856843,0.5114934,0.4874358,165611,0.2138417159916122,4.347418629131545,44332.93,32265.42,7342020847,74197,18859,12723,18609,8468,69749,95862,102812,36583,6049,6174,11069,1549,1373,84569,1.96,0.2609848227677001,165611,44332.93,7342020847,73420208.47,367101042.35,734202084.7
Senator the Hon Anthony Chisholm,QLD,3809410,1948488,1856843,0.5114934,0.4874358,165611,0.2138417159916122,4.347418629131545,44332.93,32265.42,7342020847,74197,18859,12723,18609,8468,69749,95862,102812,36583,6049,6174,11069,1549,1373,84569,1.96,0.2609848227677001,165611,44332.93,7342020847,73420208.47,367101042.35,734202084.7
Senator the Hon Nita Green,QLD,3809410,1948488,1856843,0.5114934,0.4874358,165611,0.2138417159916122,4.347418629131545,44332.93,32265.42,7342020847,74197,18859,12723,18609,8468,69749,95862,102812,36583,6049,6174,11069,1549,1373,84569,1.96,0.2609848227677001,165611,44332.93,7342020847,73420208.47,367101042.35,734202084.7
Senator Pauline Hanson,QLD,3809410,1948488,1856843,0.5114934,0.4874358,165611,0.2138417159916122,4.347418629131545,44332.93,32265.42,7342020847,74197,18859,12723,18609,8468,69749,95862,102812,36583,6049,6174,11069,1549,1373,84569,1.96,0.2609848227677001,165611,44332.93,7342020847,73420208.47,367101042.35,734202084.7
Senator Susan McDonald,QLD,3809410,1948488,1856843,0.5114934,0.4874358,165611,0.2138417159916122,4.347418629131545,44332.93,32265.42,7342020847,74197,18859,12723,18609,8468,69749,95862,102812,36583,6049,6174,11069,1549,1373,84569,1.96,0.2609848227677001,165611,44332.93,7342020847,73420208.47,367101042.35,734202084.7
Senator the Hon James McGrath,QLD,3809410,1948488,1856843,0.5114934,0.4874358,165611,0.2138417159916122,4.347418629131545,44332.93,32265.42,7342020847,74197,18859,12723,18609,8468,69749,95862,102812,36583,6049,6174,11069,1549,1373,84569,1.96,0.2609848227677001,165611,44332.93,7342020847,73420208.47,367101042.35,734202084.7
Senator Corinne Mulholland,QLD,3809410,1948488,1856843,0.5114934,0.4874358,165611,0.2138417159916122,4.347418629131545,44332.93,32265.42,7342020847,74197,18859,12723,18609,8468,69749,95862,102812,36583,6049,6174,11069,1549,1373,84569,1.96,0.2609848227677001,165611,44332.93,7342020847,73420208.47,367101042.35,734202084.7
Senator Malcolm Roberts,QLD,3809410,1948488,1856843,0.5114934,0.4874358,165611,0.2138417159916122,4.347418629131545,44332.93,32265.42,7342020847,74197,18859,12723,18609,8468,69749,95862,102812,36583,6049,6174,11069,1549,1373,84569,1.96,0.2609848227677001,165611,44332.93,7342020847,73420208.47,367101042.35,734202084.7
Senator Paul Scarr,QLD,3809410,1948488,1856843,0.5114934,0.4874358,165611,0.2138417159916122,4.347418629131545,44332.93,32265.42,7342020847,74197,18859,12723,18609,8468,69749,95862,102812,36583,6049,6174,11069,1549,1373,84569,1.96,0.2609848227677001,165611,44332.93,7342020847,73420208.47,367101042.35,734202084.7
Senator Larissa Waters,QLD,3809410,1948488,1856843,0.5114934,0.4874358,165611,0.2138417159916122,4.347418629131545,44332.93,32265.42,7342020847,74197,18859,12723,18609,8468,69749,95862,102812,36583,6049,6174,11069,1549,1373,84569,1.96,0.2609848227677001,165611,44332.93,7342020847,73420208.47,367101042.35,734202084.7
Senator the Hon Murray Watt,QLD,3809410,1948488,1856843,0.5114934,0.4874358,165611,0.2138417159916122,4.347418629131545,44332.93,32265.42,7342020847,74197,18859,12723,18609,8468,69749,95862,102812,36583,6049,6174,11069,1549,1373,84569,1.96,0.2609848227677001,165611,44332.93,7342020847,73420208.47,367101042.35,734202084.7
Senator Alexander Antic,SA,1323304,677251,644747,0.5117879,0.4872252,66339,0.08565883665437417,5.01313379238633,43321.11,31595.53,2873879249.1,33275,8710,4208,4785,4375,26500,39839,49705,1407,6178,2275,5113,1124,537,28001,2.37,0.08641270468278411,66339,43321.11,2873879249.1,28738792.491,143693962.455,287387924.91
Senator Leah Blyth,SA,1323304,677251,644747,0.5117879,0.4872252,66339,0.08565883665437417,5.01313379238633,43321.11,31595.53,2873879249.1,33275,8710,4208,4785,4375,26500,39839,49705,1407,6178,2275,5113,1124,537,28001,2.37,0.08641270468278411,66339,43321.11,2873879249.1,28738792.491,143693962.455,287387924.91
Senator the Hon Donald Farrell,SA,1323304,677251,644747,0.5117879,0.4872252,66339,0.08565883665437417,5.01313379238633,43321.11,31595.53,2873879249.1,33275,8710,4208,4785,4375,26500,39839,49705,1407,6178,2275,5113,1124,537,28001,2.37,0.08641270468278411,66339,43321.11,2873879249.1,28738792.491,143693962.455,287387924.91
Senator Karen Grogan,SA,1323304,677251,644747,0.5117879,0.4872252,66339,0.08565883665437417,5.01313379238633,43321.11,31595.53,2873879249.1,33275,8710,4208,4785,4375,26500,39839,49705,1407,6178,2275,5113,1124,537,28001,2.37,0.08641270468278411,66339,43321.11,2873879249.1,28738792.491,143693962.455,287387924.91
Senator Sarah Hanson-Young,SA,1323304,677251,644747,0.5117879,0.4872252,66339,0.08565883665437417,5.01313379238633,43321.11,31595.53,2873879249.1,33275,8710,4208,4785,4375,26500,39839,49705,1407,6178,2275,5113,1124,537,28001,2.37,0.08641270468278411,66339,43321.11,2873879249.1,28738792.491,143693962.455,287387924.91
Senator Kerrynne Liddle,SA,1323304,677251,644747,0.5117879,0.4872252,66339,0.08565883665437417,5.01313379238633,43321.11,31595.53,2873879249.1,33275,8710,4208,4785,4375,26500,39839,49705,1407,6178,2275,5113,1124,537,28001,2.37,0.08641270468278411,66339,43321.11,2873879249.1,28738792.491,143693962.455,287387924.91
Senator  Andrew McLachlan,SA,1323304,677251,644747,0.5117879,0.4872252,66339,0.08565883665437417,5.01313379238633,43321.11,31595.53,2873879249.1,33275,8710,4208,4785,4375,26500,39839,49705,1407,6178,2275,5113,1124,537,28001,2.37,0.08641270468278411,66339,43321.11,2873879249.1,28738792.491,143693962.455,287387924.91
Senator Barbara Pocock,SA,1323304,677251,644747,0.5117879,0.4872252,66339,0.08565883665437417,5.01313379238633,43321.11,31595.53,2873879249.1,33275,8710,4208,4785,4375,26500,39839,49705,1407,6178,2275,5113,1124,537,28001,2.37,0.08641270468278411,66339,43321.11,2873879249.1,28738792.491,143693962.455,287387924.91
Senator the Hon Anne Ruston,SA,1323304,677251,644747,0.5117879,0.4872252,66339,0.08565883665437417,5.01313379238633,43321.11,31595.53,2873879249.1,33275,8710,4208,4785,4375,26500,39839,49705,1407,6178,2275,5113,1124,537,28001,2.37,0.08641270468278411,66339,43321.11,2873879249.1,28738792.491,143693962.455,287387924.91
Senator Marielle Smith,SA,1323304,677251,644747,0.5117879,0.4872252,66339,0.08565883665437417,5.01313379238633,43321.11,31595.53,2873879249.1,33275,8710,4208,4785,4375,26500,39839,49705,1407,6178,2275,5113,1124,537,28001,2.37,0.08641270468278411,66339,43321.11,2873879249.1,28738792.491,143693962.455,287387924.91
Senator Charlotte Walker,SA,1323304,677251,644747,0.5117879,0.4872252,66339,0.08565883665437417,5.01313379238633,43321.11,31595.53,2873879249.1,33275,8710,4208,4785,4375,26500,39839,49705,1407,6178,2275,5113,1124,537,28001,2.37,0.08641270468278411,66339,43321.11,2873879249.1,28738792.491,143693962.455,287387924.91
Senator the Hon Penny Wong,SA,1323304,677251,644747,0.5117879,0.4872252,66339,0.08565883665437417,5.01313379238633,43321.11,31595.53,2873879249.1,33275,8710,4208,4785,4375,26500,39839,49705,1407,6178,2275,5113,1124,537,28001,2.37,0.08641270468278411,66339,43321.11,2873879249.1,28738792.491,143693962.455,287387924.91
Senator Wendy Askew,TAS,414449,213953,199836,0.5162348,0.4821727,16723,0.02159322156455628,4.03499586197578,49290.15,35257.79,824279103.63,6973,2857,1220,1865,413,5958,10765,0,10943,3004,84,2485,176,48,8792,1.9,0.02713262024824249,16723,49290.15,824279103.63,8242791.0363,41213955.1815,82427910.363
Senator the Hon Carol Brown,TAS,414449,213953,199836,0.5162348,0.4821727,16723,0.02159322156455628,4.03499586197578,49290.15,35257.79,824279103.63,6973,2857,1220,1865,413,5958,10765,0,10943,3004,84,2485,176,48,8792,1.9,0.02713262024824249,16723,49290.15,824279103.63,8242791.0363,41213955.1815,82427910.363
Senator Claire Chandler,TAS,414449,213953,199836,0.5162348,0.4821727,16723,0.02159322156455628,4.03499586197578,49290.15,35257.79,824279103.63,6973,2857,1220,1865,413,5958,10765,0,10943,3004,84,2485,176,48,8792,1.9,0.02713262024824249,16723,49290.15,824279103.63,8242791.0363,41213955.1815,82427910.363
Senator the Hon Richard Colbeck,TAS,414449,213953,199836,0.5162348,0.4821727,16723,0.02159322156455628,4.03499586197578,49290.15,35257.79,824279103.63,6973,2857,1220,1865,413,5958,10765,0,10943,3004,84,2485,176,48,8792,1.9,0.02713262024824249,16723,49290.15,824279103.63,8242791.0363,41213955.1815,82427910.363
Senator Josh Dolega,TAS,414449,213953,199836,0.5162348,0.4821727,16723,0.02159322156455628,4.03499586197578,49290.15,35257.79,824279103.63,6973,2857,1220,1865,413,5958,10765,0,10943,3004,84,2485,176,48,8792,1.9,0.02713262024824249,16723,49290.15,824279103.63,8242791.0363,41213955.1815,82427910.363
Senator Richard Dowling,TAS,414449,213953,199836,0.5162348,0.4821727,16723,0.02159322156455628,4.03499586197578,49290.15,35257.79,824279103.63,6973,2857,1220,1865,413,5958,10765,0,10943,3004,84,2485,176,48,8792,1.9,0.02713262024824249,16723,49290.15,824279103.63,8242791.0363,41213955.1815,82427910.363
Senator the Hon Jonathon Duniam,TAS,414449,213953,199836,0.5162348,0.4821727,16723,0.02159322156455628,4.03499586197578,49290.15,35257.79,824279103.63,6973,2857,1220,1865,413,5958,10765,0,10943,3004,84,2485,176,48,8792,1.9,0.02713262024824249,16723,49290.15,824279103.63,8242791.0363,41213955.1815,82427910.363
Senator Jacqui Lambie,TAS,414449,213953,199836,0.5162348,0.4821727,16723,0.02159322156455628,4.03499586197578,49290.15,35257.79,824279103.63,6973,2857,1220,1865,413,5958,10765,0,10943,3004,84,2485,176,48,8792,1.9,0.02713262024824249,16723,49290.15,824279103.63,8242791.0363,41213955.1815,82427910.363
Senator Nicholas McKim,TAS,414449,213953,199836,0.5162348,0.4821727,16723,0.02159322156455628,4.03499586197578,49290.15,35257.79,824279103.63,6973,2857,1220,1865,413,5958,10765,0,10943,3004,84,2485,176,48,8792,1.9,0.02713262024824249,16723,49290.15,824279103.63,8242791.0363,41213955.1815,82427910.363
Senator Helen Polley,TAS,414449,213953,199836,0.5162348,0.4821727,16723,0.02159322156455628,4.03499586197578,49290.15,35257.79,824279103.63,6973,2857,1220,1865,413,5958,10765,0,10943,3004,84,2485,176,48,8792,1.9,0.02713262024824249,16723,49290.15,824279103.63,8242791.0363,41213955.1815,82427910.363
Senator Tammy Tyrrell,TAS,414449,213953,199836,0.5162348,0.4821727,16723,0.02159322156455628,4.03499586197578,49290.15,35257.79,824279103.63,6973,2857,1220,1865,413,5958,10765,0,10943,3004,84,2485,176,48,8792,1.9,0.02713262024824249,16723,49290.15,824279103.63,8242791.0363,41213955.1815,82427910.363
Senator Peter Whish-Wilson,TAS,414449,213953,199836,0.5162348,0.4821727,16723,0.02159322156455628,4.03499586197578,49290.15,35257.79,824279103.63,6973,2857,1220,1865,413,5958,10765,0,10943,3004,84,2485,176,48,8792,1.9,0.02713262024824249,16723,49290.15,824279103.63,8242791.0363,41213955.1815,82427910.363
Senator Michelle Ananda-Rajah,VIC,4661613,2392269,2263189,0.5131848,0.4854948,208851,0.2696744553596331,4.480230340871282,40103.95,29613.09,8375749436.1,88866,27269,20454,8073,23227,90568,118283,151132,20618,13736,11249,12010,98,0,102278,2.04,0.3156358204901894,208851,40103.95,8375749436.1,83757494.361,418787471.8050001,837574943.6100001
Senator Ralph Babet,VIC,4661613,2392269,2263189,0.5131848,0.4854948,208851,0.2696744553596331,4.480230340871282,40103.95,29613.09,8375749436.1,88866,27269,20454,8073,23227,90568,118283,151132,20618,13736,11249,12010,98,0,102278,2.04,0.3156358204901894,208851,40103.95,8375749436.1,83757494.361,418787471.8050001,837574943.6100001
Senator Raffaele Ciccone,VIC,4661613,2392269,2263189,0.5131848,0.4854948,208851,0.2696744553596331,4.480230340871282,40103.95,29613.09,8375749436.1,88866,27269,20454,8073,23227,90568,118283,151132,20618,13736,11249,12010,98,0,102278,2.04,0.3156358204901894,208851,40103.95,8375749436.1,83757494.361,418787471.8050001,837574943.6100001
Senator Lisa Darmanin,VIC,4661613,2392269,2263189,0.5131848,0.4854948,208851,0.2696744553596331,4.480230340871282,40103.95,29613.09,8375749436.1,88866,27269,20454,8073,23227,90568,118283,151132,20618,13736,11249,12010,98,0,102278,2.04,0.3156358204901894,208851,40103.95,8375749436.1,83757494.361,418787471.8050001,837574943.6100001
Senator the Hon Sarah Henderson,VIC,4661613,2392269,2263189,0.5131848,0.4854948,208851,0.2696744553596331,4.480230340871282,40103.95,29613.09,8375749436.1,88866,27269,20454,8073,23227,90568,118283,151132,20618,13736,11249,12010,98,0,102278,2.04,0.3156358204901894,208851,40103.95,8375749436.1,83757494.361,418787471.8050001,837574943.6100001
Senator Steph Hodgins-May,VIC,4661613,2392269,2263189,0.5131848,0.4854948,208851,0.2696744553596331,4.480230340871282,40103.95,29613.09,8375749436.1,88866,27269,20454,8073,23227,90568,118283,151132,20618,13736,11249,12010,98,0,102278,2.04,0.3156358204901894,208851,40103.95,8375749436.1,83757494.361,418787471.8050001,837574943.6100001
Senator the Hon Jane Hume,VIC,4661613,2392269,2263189,0.5131848,0.4854948,208851,0.2696744553596331,4.480230340871282,40103.95,29613.09,8375749436.1,88866,27269,20454,8073,23227,90568,118283,151132,20618,13736,11249,12010,98,0,102278,2.04,0.3156358204901894,208851,40103.95,8375749436.1,83757494.361,418787471.8050001,837574943.6100001
Senator the Hon Bridget McKenzie,VIC,4661613,2392269,2263189,0.5131848,0.4854948,208851,0.2696744553596331,4.480230340871282,40103.95,29613.09,8375749436.1,88866,27269,20454,8073,23227,90568,118283,151132,20618,13736,11249,12010,98,0,102278,2.04,0.3156358204901894,208851,40103.95,8375749436.1,83757494.361,418787471.8050001,837574943.6100001
Senator James Paterson,VIC,4661613,2392269,2263189,0.5131848,0.4854948,208851,0.2696744553596331,4.480230340871282,40103.95,29613.09,8375749436.1,88866,27269,20454,8073,23227,90568,118283,151132,20618,13736,11249,12010,98,0,102278,2.04,0.3156358204901894,208851,40103.95,8375749436.1,83757494.361,418787471.8050001,837574943.6100001
Senator Jana Stewart,VIC,4661613,2392269,2263189,0.5131848,0.4854948,208851,0.2696744553596331,4.480230340871282,40103.95,29613.09,8375749436.1,88866,27269,20454,8073,23227,90568,118283,151132,20618,13736,11249,12010,98,0,102278,2.04,0.3156358204901894,208851,40103.95,8375749436.1,83757494.361,418787471.8050001,837574943.6100001
Senator Lidia Thorpe,VIC,4661613,2392269,2263189,0.5131848,0.4854948,208851,0.2696744553596331,4.480230340871282,40103.95,29613.09,8375749436.1,88866,27269,20454,8073,23227,90568,118283,151132,20618,13736,11249,12010,98,0,102278,2.04,0.3156358204901894,208851,40103.95,8375749436.1,83757494.361,418787471.8050001,837574943.6100001
Senator the Hon Jess Walsh,VIC,4661613,2392269,2263189,0.5131848,0.4854948,208851,0.2696744553596331,4.480230340871282,40103.95,29613.09,8375749436.1,88866,27269,20454,8073,23227,90568,118283,151132,20618,13736,11249,12010,98,0,102278,2.04,0.3156358204901894,208851,40103.95,8375749436.1,83757494.361,418787471.8050001,837574943.6100001
Senator William Brockman,WA,1915161,970204,943203,0.5065914,0.4924928,69231,0.08939307074901609,3.614891907260017,45389.16,32422.52,3142336829.3,31110,8546,5717,5791,5194,26745,42486,54586,3656,4147,789,2925,2008,1129,32652,2.12,0.1007659595479543,69231,45389.16,3142336829.3,31423368.293,157116841.465,314233682.93
Senator the Hon Michaelia Cash,WA,1915161,970204,943203,0.5065914,0.4924928,69231,0.08939307074901609,3.614891907260017,45389.16,32422.52,3142336829.3,31110,8546,5717,5791,5194,26745,42486,54586,3656,4147,789,2925,2008,1129,32652,2.12,0.1007659595479543,69231,45389.16,3142336829.3,31423368.293,157116841.465,314233682.93
Senator Dorinda Cox,WA,1915161,970204,943203,0.5065914,0.4924928,69231,0.08939307074901609,3.614891907260017,45389.16,32422.52,3142336829.3,31110,8546,5717,5791,5194,26745,42486,54586,3656,4147,789,2925,2008,1129,32652,2.12,0.1007659595479543,69231,45389.16,3142336829.3,31423368.293,157116841.465,314233682.93
Senator Varun Ghosh,WA,1915161,970204,943203,0.5065914,0.4924928,69231,0.08939307074901609,3.614891907260017,45389.16,32422.52,3142336829.3,31110,8546,5717,5791,5194,26745,42486,54586,3656,4147,789,2925,2008,1129,32652,2.12,0.1007659595479543,69231,45389.16,3142336829.3,31423368.293,157116841.465,314233682.93
Senator the Hon Susan Lines,WA,1915161,970204,943203,0.5065914,0.4924928,69231,0.08939307074901609,3.614891907260017,45389.16,32422.52,3142336829.3,31110,8546,5717,5791,5194,26745,42486,54586,3656,4147,789,2925,2008,1129,32652,2.12,0.1007659595479543,69231,45389.16,3142336829.3,31423368.293,157116841.465,314233682.93
Senator Matthew O'Sullivan,WA,1915161,970204,943203,0.5065914,0.4924928,69231,0.08939307074901609,3.614891907260017,45389.16,32422.52,3142336829.3,31110,8546,5717,5791,5194,26745,42486,54586,3656,4147,789,2925,2008,1129,32652,2.12,0.1007659595479543,69231,45389.16,3142336829.3,31423368.293,157116841.465,314233682.93
Senator Fatima Payman,WA,1915161,970204,943203,0.5065914,0.4924928,69231,0.08939307074901609,3.614891907260017,45389.16,32422.52,3142336829.3,31110,8546,5717,5791,5194,26745,42486,54586,3656,4147,789,2925,2008,1129,32652,2.12,0.1007659595479543,69231,45389.16,3142336829.3,31423368.293,157116841.465,314233682.93
Senator Dean Smith,WA,1915161,970204,943203,0.5065914,0.4924928,69231,0.08939307074901609,3.614891907260017,45389.16,32422.52,3142336829.3,31110,8546,5717,5791,5194,26745,42486,54586,3656,4147,789,2925,2008,1129,32652,2.12,0.1007659595479543,69231,45389.16,3142336829.3,31423368.293,157116841.465,314233682.93
Senator Jordon Steele-John,WA,1915161,970204,943203,0.5065914,0.4924928,69231,0.08939307074901609,3.614891907260017,45389.16,32422.52,3142336829.3,31110,8546,5717,5791,5194,26745,42486,54586,3656,4147,789,2925,2008,1129,32652,2.12,0.1007659595479543,69231,45389.16,3142336829.3,31423368.293,157116841.465,314233682.93
Senator Glenn Sterle,WA,1915161,970204,943203,0.5065914,0.4924928,69231,0.08939307074901609,3.614891907260017,45389.16,32422.52,3142336829.3,31110,8546,5717,5791,5194,26745,42486,54586,3656,4147,789,2925,2008,1129,32652,2.12,0.1007659595479543,69231,45389.16,3142336829.3,31423368.293,157116841.465,314233682.93
Senator Ellie Whiteaker,WA,1915161,970204,943203,0.5065914,0.4924928,69231,0.08939307074901609,3.614891907260017,45389.16,32422.52,3142336829.3,31110,8546,5717,5791,5194,26745,42486,54586,3656,4147,789,2925,2008,1129,32652,2.12,0.1007659595479543,69231,45389.16,3142336829.3,31423368.293,157116841.465,314233682.93
Senator Tyron Whitten,WA,1915161,970204,943203,0.5065914,0.4924928,69231,0.08939307074901609,3.614891907260017,45389.16,32422.52,3142336829.3,31110,8546,5717,5791,5194,26745,42486,54586,3656,4147,789,2925,2008,1129,32652,2.12,0.1007659595479543,69231,45389.16,3142336829.3,31423368.293,157116841.465,314233682.93
