normalized_key,state,party,email,title
alexander antic,SA,LP,senator.antic@aph.gov.au,
andrew bragg,NSW,LP,senator.bragg@aph.gov.au,
andrew mclachlan,SA,LP,senator.mclachlan@aph.gov.au,
anne ruston,SA,LP,senator.ruston@aph.gov.au,(Deputy Leader of the Opposition in the; Senate)
anthony chisholm,QLD,ALP,senator.chisholm@aph.gov.au,"Assistant Minister for Regional; Development; Assistant Minister for Agriculture, Fisheries; and Forestry; Assistant Minister for Resources; (Deputy Manager of Government Business; in the Senate)"
anthony sheldon,NSW,ALP,senator.sheldon@aph.gov.au,(Chief Government Whip in the Senate)
barbara pocock,SA,AG,senator.barbara.pocock@aph.gov.au,
bridget mckenzie,VIC,NATS,senator.mckenzie@aph.gov.au,(Leader of the Nationals in the Senate)
carol brown,TAS,ALP,senator.carol.brown@aph.gov.au,
charlotte walker,SA,ALP,senator.walker@aph.gov.au,
claire chandler,TAS,LP,senator.chandler@aph.gov.au,
corinne mulholland,QLD,ALP,senator.mulholland@aph.gov.au,
david pocock,ACT,IND,senator.david.pocock@aph.gov.au,(Independent ACT Whip)
david shoebridge,NSW,AG,senator.shoebridge@aph.gov.au,
dean smith,WA,LP,senator.smith@aph.gov.au,
deborah o'neill,NSW,ALP,senator.oneill@aph.gov.au,
devanand sharma,NSW,LP,senator.sharma@aph.gov.au,
donald farrell,SA,ALP,senator.farrell@aph.gov.au,Minister for Trade and Tourism; Special Minister of State; (Deputy Leader of the Government in the; Senate)
dorinda cox,WA,ALP,senator.cox@aph.gov.au,
ellie whiteaker,WA,ALP,senator.whiteaker@aph.gov.au,
fatima payman,WA,AV,senator.payman@aph.gov.au,(Australia’s Voice Whip)
glenn sterle,WA,ALP,senator.sterle@aph.gov.au,
helen polley,TAS,ALP,senator.polley@aph.gov.au,
jacinta price,NT,CLP,senator.nampijinpaprice@aph.gov.au,
jacqui lambie,TAS,JLN,senator.lambie@aph.gov.au,
james mcgrath,QLD,LNP,senator.mcgrath@aph.gov.au,
james paterson,VIC,LP,senator.paterson@aph.gov.au,
jana stewart,VIC,ALP,senator.stewart@aph.gov.au,
jane hume,VIC,LP,senator.hume@aph.gov.au,(Deputy Leader of the Opposition)
jennifer mcallister,NSW,ALP,senator.mcallister@aph.gov.au,Minister for the National Disability Insurance; Scheme
jess walsh,VIC,ALP,senator.walsh@aph.gov.au,Minister for Early Childhood Education; Minister for Youth
jessica collins,NSW,LP,senator.collins@aph.gov.au,(Deputy Opposition Whip in the Senate)
jonathon duniam,TAS,LP,senator.duniam@aph.gov.au,(Manager of Opposition Business in the; Senate)
jordon steele-john,WA,AG,senator.steele-john@aph.gov.au,
josh dolega,TAS,ALP,senator.dolega@aph.gov.au,
karen grogan,SA,ALP,senator.grogan@aph.gov.au,(Deputy Government Whip in the Senate)
katherine gallagher,ACT,ALP,senator.katy.gallagher@aph.gov.au,Minister for the Public Service; Minister for Women; Minister for Finance; Minister for Government Services; (Vice-President of the Executive Council; and Manager of Government Business in; the Senate)
kerrynne liddle,SA,LP,senator.liddle@aph.gov.au,(Deputy Opposition Whip in the Senate)
larissa waters,QLD,AG,senator.waters@aph.gov.au,(Leader of the Australian Greens)
leah blyth,SA,LP,senator.blyth@aph.gov.au,
lidia thorpe,VIC,IND,senator.thorpe@aph.gov.au,(Independent VIC Whip)
lisa darmanin,VIC,ALP,senator.darmanin@aph.gov.au,(Deputy Government Whip in the Senate)
malarndirri mccarthy,NT,ALP,Senator.McCarthy@aph.gov.au,Minister for Indigenous Australians
malcolm roberts,QLD,ON,senator.roberts@aph.gov.au,
maria kovacic,NSW,LP,senator.kovacic@aph.gov.au,
marielle smith,SA,ALP,senator.marielle.smith@aph.gov.au,
matthew canavan,QLD,NATS,senator.canavan@aph.gov.au,(Leader of the Nationals)
matthew o'sullivan,WA,LP,senator.matt.o'sullivan@aph.gov.au,(Deputy Manager of Opposition Business in; the Senate)
mehreen faruqi,NSW,AG,senator.faruqi@aph.gov.au,(Deputy Leader of the Australian Greens)
michaelia cash,WA,LP,senator.michaelia.cash@aph.gov.au,(Leader of the Opposition in the Senate)
michelle ananda-rajah,VIC,ALP,senator.ananda-rajah@aph.gov.au,
murray watt,QLD,ALP,senator.watt@aph.gov.au,Minister for the Environment and Water
nicholas mckim,TAS,AG,senator.mckim@aph.gov.au,(Australian Greens Whip)
nita green,QLD,ALP,senator.green@aph.gov.au,Assistant Minister for Tourism; Assistant Minister for Pacific Island Affairs; Assistant Minister for Northern Australia
paul scarr,QLD,LP,senator.scarr@aph.gov.au,
pauline hanson,QLD,ON,senator.hanson@aph.gov.au,(Leader of One Nation)
penny allman-payne,QLD,AG,senator.allman-payne@aph.gov.au,
penny wong,SA,ALP,senator.wong@aph.gov.au,Minister for Foreign Affairs; (Leader of the Government in the Senate)
peter whish-wilson,TAS,AG,senator.whish-wilson@aph.gov.au,
raffaele ciccone,VIC,ALP,senator.ciccone@aph.gov.au,
ralph babet,VIC,UAP,senator.babet@aph.gov.au,(United Australia Party Whip)
richard colbeck,TAS,LP,senator.colbeck@aph.gov.au,
richard dowling,TAS,ALP,senator.dowling@aph.gov.au,
ross cadell,NSW,NATS,senator.cadell@aph.gov.au,(Nationals Whip in the Senate)
sarah hanson-young,SA,AG,senator.hanson-young@aph.gov.au,(Manager of Australian Greens Business in; the Senate)
sarah henderson,VIC,LP,senator.henderson@aph.gov.au,
sean bell,NSW,ON,senator.bell@aph.gov.au,(One Nation Whip)
steph hodgins-may,VIC,AG,senator.hodgins-may@aph.gov.au,
susan lines,WA,ALP,senator.lines@aph.gov.au,
susan mcdonald,QLD,LNP,senator.mcdonald@aph.gov.au,(Deputy Leader of the Nationals in the; Senate)
tammy tyrrell,TAS,ALP,senator.tyrrell@aph.gov.au,
timothy ayres,NSW,ALP,senator.ayres@aph.gov.au,Minister for Industry and Innovation; Minister for Science
tyron whitten,WA,ON,senator.whitten@aph.gov.au,
varun ghosh,WA,ALP,senator.ghosh@aph.gov.au,
wendy askew,TAS,LP,senator.askew@aph.gov.au,(Opposition Whip in the Senate)
william brockman,WA,LP,senator.brockman@aph.gov.au,(Deputy President and Chair of; Committees)
